Resumen,Clave de incidencia,ID de la incidencia,Tipo de Incidencia,Estado,Clave del proyecto,Nombre del proyecto,Tipo de proyecto,Responsable del proyecto,ID del responsable del proyecto,Descripción del proyecto,Prioridad,Resolución,Persona asignada,ID de la persona asignada,Informador,ID del informador,Creador,ID del creador,Creada,Actualizada,Vista por Última Vez,Resuelta,Fecha de vencimiento,Votos,Etiquetas,Etiquetas,Etiquetas,Etiquetas,Etiquetas,Etiquetas,Descripción,Entorno,Interesados,ID de los interesados,Estimación original,Trabajo restante estimado,Tiempo Trabajado,Relación de trabajo,Σ Estimación original,Σ Trabajo restante estimado,Σ Tiempo empleado,Nivel de Seguridad,Enlace a la incidencia interna (Blocks),Enlace a la incidencia interna (Blocks),Enlace de incidencia saliente (Blocks),Enlace de incidencia saliente (Blocks),Campo personalizado (Clasificación),Campo personalizado (Color de la incidencia),Campo personalizado (Estado de verificación),Campo personalizado (Fecha de inicio),Campo personalizado (Fuente del requisito),Campo personalizado (Prioridad MoSCoW),Sprint,Campo personalizado (Story point estimate),Campo personalizado (Team),Campo personalizado (Vulnerabilidad),Campo personalizado (development),Categoría de estado,Categoría de estado cambiada,Principal,Clave principal,Parent summary
"EPIC-01: Ingreso, Proveedores y Guías de Origen",CARNICORE-1,10011,Epic,Por hacer,CARNICORE,CarniCore,software,Edhu Xavier Gamarra Araujo,712020:457e8c06-53a2-4d88-bf67-4796f6d22ded,,Medium,,,,Edhu Xavier Gamarra Araujo,712020:457e8c06-53a2-4d88-bf67-4796f6d22ded,Edhu Xavier Gamarra Araujo,712020:457e8c06-53a2-4d88-bf67-4796f6d22ded,04/ago/26 11:30 PM,05/ago/26 8:46 PM,05/ago/26 9:35 PM,,,0,CLS_ProveedorController,CP_TC01,CU_01,DOC_ERS,MOD_proveedores,STK_Propietaria,,,,,,,,,,,,,,,,,0|i0002f:,dark_blue,,,,,,,,,,Por hacer,04/ago/26 11:30 PM,,,
"	EPIC-02: Pesaje, Despiece e Inventario en Cámaras",CARNICORE-2,10012,Epic,Por hacer,CARNICORE,CarniCore,software,Edhu Xavier Gamarra Araujo,712020:457e8c06-53a2-4d88-bf67-4796f6d22ded,,Medium,,,,Edhu Xavier Gamarra Araujo,712020:457e8c06-53a2-4d88-bf67-4796f6d22ded,Edhu Xavier Gamarra Araujo,712020:457e8c06-53a2-4d88-bf67-4796f6d22ded,04/ago/26 11:31 PM,05/ago/26 8:46 PM,05/ago/26 9:35 PM,,,0,CLS_GuiaOrigenService,CP_TC02,CU_02,DOC_ERS,MOD_guias,STK_Propietaria,,,,,,,,,,,,,,,,,0|i0002n:,blue,,,,,,,,,,Por hacer,04/ago/26 11:31 PM,,,
EPIC-03: Trazabilidad y Cumplimiento Regulatorio (Agrocalidad / LOPDP),CARNICORE-3,10013,Epic,Por hacer,CARNICORE,CarniCore,software,Edhu Xavier Gamarra Araujo,712020:457e8c06-53a2-4d88-bf67-4796f6d22ded,,Medium,,,,Edhu Xavier Gamarra Araujo,712020:457e8c06-53a2-4d88-bf67-4796f6d22ded,Edhu Xavier Gamarra Araujo,712020:457e8c06-53a2-4d88-bf67-4796f6d22ded,04/ago/26 11:31 PM,05/ago/26 8:50 PM,05/ago/26 8:47 PM,,,0,CLS_IngresoController,CP_TC03,CU_03,DOC_ERS,MOD_ingresos,STK_Propietaria,,,,,,,,,,,,,,,,,0|i0002v:,orange,,,,,,,,,,Por hacer,04/ago/26 11:31 PM,,,
"	EPIC-04: Ventas, Devoluciones y Reportes Gerenciales",CARNICORE-4,10014,Epic,Por hacer,CARNICORE,CarniCore,software,Edhu Xavier Gamarra Araujo,712020:457e8c06-53a2-4d88-bf67-4796f6d22ded,,Medium,,,,Edhu Xavier Gamarra Araujo,712020:457e8c06-53a2-4d88-bf67-4796f6d22ded,Edhu Xavier Gamarra Araujo,712020:457e8c06-53a2-4d88-bf67-4796f6d22ded,04/ago/26 11:32 PM,04/ago/26 11:32 PM,05/ago/26 8:50 PM,,,0,,,,,,,,,,,,,,,,,,,,,,,0|i00033:,dark_green,,,,,,,,,,Por hacer,04/ago/26 11:32 PM,,,
EPIC-05: Contingencia Offline y Seguridad,CARNICORE-5,10015,Epic,Por hacer,CARNICORE,CarniCore,software,Edhu Xavier Gamarra Araujo,712020:457e8c06-53a2-4d88-bf67-4796f6d22ded,,Medium,,,,Edhu Xavier Gamarra Araujo,712020:457e8c06-53a2-4d88-bf67-4796f6d22ded,Edhu Xavier Gamarra Araujo,712020:457e8c06-53a2-4d88-bf67-4796f6d22ded,04/ago/26 11:32 PM,04/ago/26 11:32 PM,05/ago/26 7:53 PM,,,0,,,,,,,,,,,,,,,,,,,,,,,0|i0003b:,dark_teal,,,,,,,,,,Por hacer,04/ago/26 11:32 PM,,,
RF-01: Registrar proveedor,CARNICORE-6,10016,Historia,En curso,CARNICORE,CarniCore,software,Edhu Xavier Gamarra Araujo,712020:457e8c06-53a2-4d88-bf67-4796f6d22ded,,Medium,,,,Edhu Xavier Gamarra Araujo,712020:457e8c06-53a2-4d88-bf67-4796f6d22ded,Edhu Xavier Gamarra Araujo,712020:457e8c06-53a2-4d88-bf67-4796f6d22ded,05/ago/26 12:28 AM,05/ago/26 9:35 PM,05/ago/26 8:55 PM,,,0,CLS_ProveedorController,CP_TC01,CU_01,DOC_ERS,MOD_proveedores,STK_Propietaria,,,,,,,,,,,,,,,CARNICORE-8,,0|i0003j:,,No verificado,,"RF-01 - Propietaria - Bloque 1, Pregunta 3",Must Have,CARNICOR Sprint 1,,,,,En curso,05/ago/26 9:35 PM,10011,CARNICORE-1,"EPIC-01: Ingreso, Proveedores y Guías de Origen"
RF-02: Registrar guía de origen,CARNICORE-7,10017,Historia,En curso,CARNICORE,CarniCore,software,Edhu Xavier Gamarra Araujo,712020:457e8c06-53a2-4d88-bf67-4796f6d22ded,,Medium,,,,Edhu Xavier Gamarra Araujo,712020:457e8c06-53a2-4d88-bf67-4796f6d22ded,Edhu Xavier Gamarra Araujo,712020:457e8c06-53a2-4d88-bf67-4796f6d22ded,05/ago/26 12:28 AM,05/ago/26 9:35 PM,05/ago/26 8:55 PM,,,0,CLS_GuiaOrigenService,CP_TC02,CU_02,MOD_guias,STK_Propietaria,,,,,,,,,,,,,,,,CARNICORE-8,,0|i0003r:,,No verificado,,"	RF-02 - Propietaria - Bloque 1, Pregunta 5",Must Have,CARNICOR Sprint 1,,,,,En curso,05/ago/26 9:35 PM,10011,CARNICORE-1,"EPIC-01: Ingreso, Proveedores y Guías de Origen"
RF-03: Registrar ingreso de lote/animal,CARNICORE-8,10018,Historia,En curso,CARNICORE,CarniCore,software,Edhu Xavier Gamarra Araujo,712020:457e8c06-53a2-4d88-bf67-4796f6d22ded,,Medium,,,,Edhu Xavier Gamarra Araujo,712020:457e8c06-53a2-4d88-bf67-4796f6d22ded,Edhu Xavier Gamarra Araujo,712020:457e8c06-53a2-4d88-bf67-4796f6d22ded,05/ago/26 12:28 AM,05/ago/26 9:35 PM,05/ago/26 8:55 PM,,,0,CLS_IngresoController,CP_TC03,CU_03,DOC_ERS,MOD_ingresos,STK_Propietaria,,,,,,,,,,,,,CARNICORE-6,CARNICORE-7,CARNICORE-9,CARNICORE-15,0|i0003z:,,No verificado,,"	RF-03 - Propietaria - Bloque 2, Pregunta 8",Must Have,CARNICOR Sprint 1,,,,,En curso,05/ago/26 9:35 PM,10011,CARNICORE-1,"EPIC-01: Ingreso, Proveedores y Guías de Origen"
RF-04: Registrar pesaje,CARNICORE-9,10019,Historia,Por hacer,CARNICORE,CarniCore,software,Edhu Xavier Gamarra Araujo,712020:457e8c06-53a2-4d88-bf67-4796f6d22ded,,Medium,,,,Edhu Xavier Gamarra Araujo,712020:457e8c06-53a2-4d88-bf67-4796f6d22ded,Edhu Xavier Gamarra Araujo,712020:457e8c06-53a2-4d88-bf67-4796f6d22ded,05/ago/26 12:29 AM,05/ago/26 8:55 PM,05/ago/26 8:55 PM,,,0,CLS_PesajeService,CP_TC04,CU_04,DOC_ERS,MOD_pesaje,STK_Bodega,,,,,,,,,,,,,CARNICORE-8,,CARNICORE-10,CARNICORE-11,0|i00047:,,No verificado,,"	RF-04 - Bodega - Bloque 3, Pregunta 12",Must Have,CARNICOR Sprint 1,,,,,Por hacer,05/ago/26 12:29 AM,10012,CARNICORE-2,"	EPIC-02: Pesaje, Despiece e Inventario en Cámaras"
RF-06: Registrar despiece,CARNICORE-10,10020,Historia,Por hacer,CARNICORE,CarniCore,software,Edhu Xavier Gamarra Araujo,712020:457e8c06-53a2-4d88-bf67-4796f6d22ded,,Medium,,,,Edhu Xavier Gamarra Araujo,712020:457e8c06-53a2-4d88-bf67-4796f6d22ded,Edhu Xavier Gamarra Araujo,712020:457e8c06-53a2-4d88-bf67-4796f6d22ded,05/ago/26 12:29 AM,05/ago/26 8:56 PM,05/ago/26 8:56 PM,,,0,CLS_DespieceService,CP_TC05,CU_05,DOC_ERS,MOD_despiece,STK_Carnicero,,,,,,,,,,,,,CARNICORE-9,,,,0|i0004f:,,No verificado,,"	RF-06 - Carnicero - Bloque 3, Pregunta 15",Must Have,CARNICOR Sprint 1,,,,,Por hacer,05/ago/26 12:29 AM,10012,CARNICORE-2,"	EPIC-02: Pesaje, Despiece e Inventario en Cámaras"
RF-07: Ingresar a cámara frigorífica,CARNICORE-11,10021,Historia,Por hacer,CARNICORE,CarniCore,software,Edhu Xavier Gamarra Araujo,712020:457e8c06-53a2-4d88-bf67-4796f6d22ded,,Medium,,,,Edhu Xavier Gamarra Araujo,712020:457e8c06-53a2-4d88-bf67-4796f6d22ded,Edhu Xavier Gamarra Araujo,712020:457e8c06-53a2-4d88-bf67-4796f6d22ded,05/ago/26 12:29 AM,05/ago/26 8:56 PM,05/ago/26 8:56 PM,,,0,CLS_CamaraService,CP_TC06,CU_06,DOC_ERS,MOD_camaras,STK_Bodega,,,,,,,,,,,,,CARNICORE-9,,CARNICORE-12,,0|i0004n:,,No verificado,,"RF-07 - Bodega - Bloque 3, Pregunta 17",Must Have,CARNICOR Sprint 1,,,,,Por hacer,05/ago/26 12:29 AM,10012,CARNICORE-2,"	EPIC-02: Pesaje, Despiece e Inventario en Cámaras"
RF-08: Alertar vida útil por tipo de producto,CARNICORE-12,10022,Historia,Por hacer,CARNICORE,CarniCore,software,Edhu Xavier Gamarra Araujo,712020:457e8c06-53a2-4d88-bf67-4796f6d22ded,,Medium,,,,Edhu Xavier Gamarra Araujo,712020:457e8c06-53a2-4d88-bf67-4796f6d22ded,Edhu Xavier Gamarra Araujo,712020:457e8c06-53a2-4d88-bf67-4796f6d22ded,05/ago/26 12:30 AM,05/ago/26 8:56 PM,05/ago/26 8:56 PM,,,0,CLS_VidaUtilService,CP_TC07,CU_07,DOC_ERS,MOD_alertas,STK_AdminGeneral,,,,,,,,,,,,,CARNICORE-11,,CARNICORE-13,,0|i0004v:,,No verificado,,"RF-08 - Admin. General - Bloque 4, Pregunta 20",Must Have,CARNICOR Sprint 1,,,,,Por hacer,05/ago/26 12:30 AM,10012,CARNICORE-2,"	EPIC-02: Pesaje, Despiece e Inventario en Cámaras"
RF-09: Aprobar baja de producto,CARNICORE-13,10023,Historia,En curso,CARNICORE,CarniCore,software,Edhu Xavier Gamarra Araujo,712020:457e8c06-53a2-4d88-bf67-4796f6d22ded,,Medium,,,,Edhu Xavier Gamarra Araujo,712020:457e8c06-53a2-4d88-bf67-4796f6d22ded,Edhu Xavier Gamarra Araujo,712020:457e8c06-53a2-4d88-bf67-4796f6d22ded,05/ago/26 12:30 AM,05/ago/26 9:35 PM,05/ago/26 8:57 PM,,,0,CLS_BajaProductoService,CP_TC08,CU_08,DOC_ERS,MOD_bajas,STK_AdminGeneral,,,,,,,,,,,,,CARNICORE-12,CARNICORE-20,,,0|i00053:,,No verificado,,"RF-09 - Admin. General - Bloque 4, Pregunta 22",Must Have,CARNICOR Sprint 1,,,,,En curso,05/ago/26 9:35 PM,10011,CARNICORE-1,"EPIC-01: Ingreso, Proveedores y Guías de Origen"
RF-10: Registrar venta,CARNICORE-14,10024,Historia,Por hacer,CARNICORE,CarniCore,software,Edhu Xavier Gamarra Araujo,712020:457e8c06-53a2-4d88-bf67-4796f6d22ded,,Medium,,,,Edhu Xavier Gamarra Araujo,712020:457e8c06-53a2-4d88-bf67-4796f6d22ded,Edhu Xavier Gamarra Araujo,712020:457e8c06-53a2-4d88-bf67-4796f6d22ded,05/ago/26 12:30 AM,05/ago/26 8:57 PM,05/ago/26 8:57 PM,,,0,CLS_VentaController,CP_TC09,CU_09,DOC_ERS,MOD_ventas,STK_Bodega,,,,,,,,,,,,,,,,,0|i0005b:,,No verificado,,"RF-10 - Bodega - Bloque 5, Pregunta 24",Must Have,CARNICOR Sprint 1,,,,,Por hacer,05/ago/26 12:30 AM,10014,CARNICORE-4,"	EPIC-04: Ventas, Devoluciones y Reportes Gerenciales"
RF-11: Consultar trazabilidad completa,CARNICORE-15,10025,Historia,Por hacer,CARNICORE,CarniCore,software,Edhu Xavier Gamarra Araujo,712020:457e8c06-53a2-4d88-bf67-4796f6d22ded,,Medium,,,,Edhu Xavier Gamarra Araujo,712020:457e8c06-53a2-4d88-bf67-4796f6d22ded,Edhu Xavier Gamarra Araujo,712020:457e8c06-53a2-4d88-bf67-4796f6d22ded,05/ago/26 12:30 AM,05/ago/26 8:57 PM,05/ago/26 8:57 PM,,,0,CLS_TrazabilidadService,CP_TC10,CU_10,DOC_ERS,MOD_trazabilidad,STK_Propietaria,,,,,,,,,,,,,CARNICORE-8,,CARNICORE-23,,0|i0005j:,,No verificado,,"RF-11 - Propietaria - Bloque 6, Pregunta 29",Must Have,CARNICOR Sprint 1,,,,,Por hacer,05/ago/26 12:30 AM,10013,CARNICORE-3,EPIC-03: Trazabilidad y Cumplimiento Regulatorio (Agrocalidad / LOPDP)
"RF-13: Generar reportes de ventas, compras y pérdidas",CARNICORE-16,10026,Historia,Por hacer,CARNICORE,CarniCore,software,Edhu Xavier Gamarra Araujo,712020:457e8c06-53a2-4d88-bf67-4796f6d22ded,,Medium,,,,Edhu Xavier Gamarra Araujo,712020:457e8c06-53a2-4d88-bf67-4796f6d22ded,Edhu Xavier Gamarra Araujo,712020:457e8c06-53a2-4d88-bf67-4796f6d22ded,05/ago/26 12:30 AM,05/ago/26 8:58 PM,05/ago/26 8:58 PM,,,0,CLS_ReporteService,CP_TC13,CU_11,DOC_ERS,MOD_reportes,STK_Propietaria,,,,,,,,,,,,,,,CARNICORE-25,,0|i0005r:,,No verificado,,"RF-13 - Propietaria - Bloque 5, Pregunta 26",Must Have,CARNICOR Sprint 1,,,,,Por hacer,05/ago/26 12:30 AM,10014,CARNICORE-4,"	EPIC-04: Ventas, Devoluciones y Reportes Gerenciales"
RF-15: Gestionar usuarios y roles,CARNICORE-17,10027,Historia,Por hacer,CARNICORE,CarniCore,software,Edhu Xavier Gamarra Araujo,712020:457e8c06-53a2-4d88-bf67-4796f6d22ded,,Medium,,,,Edhu Xavier Gamarra Araujo,712020:457e8c06-53a2-4d88-bf67-4796f6d22ded,Edhu Xavier Gamarra Araujo,712020:457e8c06-53a2-4d88-bf67-4796f6d22ded,05/ago/26 12:30 AM,05/ago/26 8:58 PM,05/ago/26 8:58 PM,,,0,CLS_UsuarioService,CP_TC15,CU_12,DOC_ERS,MOD_usuarios,STK_AdminGeneral,,,,,,,,,,,,,,,CARNICORE-26,,0|i0005z:,,No verificado,,"RF-15 - Admin. General - Bloque 7, Pregunta 33",Must Have,CARNICOR Sprint 1,,,,,Por hacer,05/ago/26 12:30 AM,10015,CARNICORE-5,EPIC-05: Contingencia Offline y Seguridad
RF-16: Consultar stock por fecha,CARNICORE-18,10028,Historia,Por hacer,CARNICORE,CarniCore,software,Edhu Xavier Gamarra Araujo,712020:457e8c06-53a2-4d88-bf67-4796f6d22ded,,Medium,,,,Edhu Xavier Gamarra Araujo,712020:457e8c06-53a2-4d88-bf67-4796f6d22ded,Edhu Xavier Gamarra Araujo,712020:457e8c06-53a2-4d88-bf67-4796f6d22ded,05/ago/26 12:30 AM,05/ago/26 8:58 PM,05/ago/26 8:58 PM,,,0,CLS_InventarioService,CP_TC16,CU_13,DOC_ERS,MOD_inventario,STK_Bodega,,,,,,,,,,,,,,,,,0|i00067:,,No verificado,,"RF-16 - Bodega - Bloque 5, Pregunta 27",Must Have,CARNICOR Sprint 1,,,,,Por hacer,05/ago/26 12:30 AM,10012,CARNICORE-2,"	EPIC-02: Pesaje, Despiece e Inventario en Cámaras"
RF-19: Configurar precios por tipo de producto,CARNICORE-19,10029,Historia,Por hacer,CARNICORE,CarniCore,software,Edhu Xavier Gamarra Araujo,712020:457e8c06-53a2-4d88-bf67-4796f6d22ded,,Medium,,,,Edhu Xavier Gamarra Araujo,712020:457e8c06-53a2-4d88-bf67-4796f6d22ded,Edhu Xavier Gamarra Araujo,712020:457e8c06-53a2-4d88-bf67-4796f6d22ded,05/ago/26 12:31 AM,05/ago/26 8:59 PM,05/ago/26 8:59 PM,,,0,CLS_PrecioService,CP_TC19,CU_14,DOC_ERS,MOD_precios,STK_AdminGeneral,,,,,,,,,,,,,,,,,0|i0006f:,,No verificado,,"RF-19 - Admin. General - Bloque 5, Pregunta 28",Must Have,CARNICOR Sprint 1,,,,,Por hacer,05/ago/26 12:31 AM,10014,CARNICORE-4,"	EPIC-04: Ventas, Devoluciones y Reportes Gerenciales"
RF-20: Registrar corte de energía,CARNICORE-20,10030,Historia,Por hacer,CARNICORE,CarniCore,software,Edhu Xavier Gamarra Araujo,712020:457e8c06-53a2-4d88-bf67-4796f6d22ded,,Medium,,,,Edhu Xavier Gamarra Araujo,712020:457e8c06-53a2-4d88-bf67-4796f6d22ded,Edhu Xavier Gamarra Araujo,712020:457e8c06-53a2-4d88-bf67-4796f6d22ded,05/ago/26 12:31 AM,05/ago/26 8:59 PM,05/ago/26 8:59 PM,,,0,CLS_IncidenteService,CP_TC20,CU_15,DOC_ERS,MOD_incidentes,STK_AdminGeneral,,,,,,,,,,,,,,,CARNICORE-13,,0|i0006n:,,No verificado,,"	RF-20 - Admin. General - Bloque 8, Pregunta 36",Must Have,CARNICOR Sprint 1,,,,,Por hacer,05/ago/26 12:31 AM,10015,CARNICORE-5,EPIC-05: Contingencia Offline y Seguridad
RF-21: Operar en modo offline,CARNICORE-21,10031,Historia,Por hacer,CARNICORE,CarniCore,software,Edhu Xavier Gamarra Araujo,712020:457e8c06-53a2-4d88-bf67-4796f6d22ded,,Medium,,,,Edhu Xavier Gamarra Araujo,712020:457e8c06-53a2-4d88-bf67-4796f6d22ded,Edhu Xavier Gamarra Araujo,712020:457e8c06-53a2-4d88-bf67-4796f6d22ded,05/ago/26 12:31 AM,05/ago/26 9:01 PM,05/ago/26 9:01 PM,,,0,CLS_SyncService,CP_TC21,CU_16,DOC_ERS,MOD_offline,STK_Bodega,,,,,,,,,,,,,,,CARNICORE-28,,0|i0006v:,,No verificado,,"RF-21 - Bodega - Bloque 8, Pregunta 38",Must Have,CARNICOR Sprint 1,,,,,Por hacer,05/ago/26 12:31 AM,10015,CARNICORE-5,EPIC-05: Contingencia Offline y Seguridad
RF-22: Registrar devolución de producto,CARNICORE-22,10032,Historia,Por hacer,CARNICORE,CarniCore,software,Edhu Xavier Gamarra Araujo,712020:457e8c06-53a2-4d88-bf67-4796f6d22ded,,Medium,,,,Edhu Xavier Gamarra Araujo,712020:457e8c06-53a2-4d88-bf67-4796f6d22ded,Edhu Xavier Gamarra Araujo,712020:457e8c06-53a2-4d88-bf67-4796f6d22ded,05/ago/26 12:31 AM,05/ago/26 9:01 PM,05/ago/26 9:01 PM,,,0,CLS_DevolucionService,CP_TC22,CU_17,DOC_ERS,MOD_devoluciones,STK_Bodega,,,,,,,,,,,,,,,,,0|i00073:,,No verificado,,"RF-22 - Bodega - Bloque 5, Pregunta 25",Must Have,CARNICOR Sprint 1,,,,,Por hacer,05/ago/26 12:31 AM,10014,CARNICORE-4,"	EPIC-04: Ventas, Devoluciones y Reportes Gerenciales"
RF-23: Exportar evidencia de trazabilidad para auditoría,CARNICORE-23,10033,Historia,Por hacer,CARNICORE,CarniCore,software,Edhu Xavier Gamarra Araujo,712020:457e8c06-53a2-4d88-bf67-4796f6d22ded,,Medium,,,,Edhu Xavier Gamarra Araujo,712020:457e8c06-53a2-4d88-bf67-4796f6d22ded,Edhu Xavier Gamarra Araujo,712020:457e8c06-53a2-4d88-bf67-4796f6d22ded,05/ago/26 12:31 AM,05/ago/26 9:01 PM,05/ago/26 9:01 PM,,,0,CLS_ExportService,CP_TC23,CU_18,DOC_ERS,MOD_exportacion,STK_AdminGeneral,,,,,,,,,,,,,CARNICORE-15,CARNICORE-27,CARNICORE-24,,0|i0007b:,,No verificado,,"RF-23 - Admin. General - Bloque 6, Pregunta 31",Must Have,CARNICOR Sprint 1,,,,,Por hacer,05/ago/26 12:31 AM,10013,CARNICORE-3,EPIC-03: Trazabilidad y Cumplimiento Regulatorio (Agrocalidad / LOPDP)
RF-25/RF-26: Consulta pública QR de trazabilidad,CARNICORE-24,10034,Historia,Por hacer,CARNICORE,CarniCore,software,Edhu Xavier Gamarra Araujo,712020:457e8c06-53a2-4d88-bf67-4796f6d22ded,,Medium,,,,Edhu Xavier Gamarra Araujo,712020:457e8c06-53a2-4d88-bf67-4796f6d22ded,Edhu Xavier Gamarra Araujo,712020:457e8c06-53a2-4d88-bf67-4796f6d22ded,05/ago/26 12:31 AM,05/ago/26 9:02 PM,05/ago/26 9:02 PM,,,0,CLS_QrPublicoController,CP_TC25,CU_19,DOC_ERS,MOD_qr,STK_Cliente,,,,,,,,,,,,,CARNICORE-23,,,,0|i0007j:,,No verificado,,"RF-25/RF-26 - Propietaria - Bloque 6, Pregunta 30",Must Have,CARNICOR Sprint 1,,,,,Por hacer,05/ago/26 12:31 AM,10013,CARNICORE-3,EPIC-03: Trazabilidad y Cumplimiento Regulatorio (Agrocalidad / LOPDP)
RF-27: Filtrar reportes por proveedor (RFC-01),CARNICORE-25,10035,Historia,Por hacer,CARNICORE,CarniCore,software,Edhu Xavier Gamarra Araujo,712020:457e8c06-53a2-4d88-bf67-4796f6d22ded,,Medium,,,,Edhu Xavier Gamarra Araujo,712020:457e8c06-53a2-4d88-bf67-4796f6d22ded,Edhu Xavier Gamarra Araujo,712020:457e8c06-53a2-4d88-bf67-4796f6d22ded,05/ago/26 12:32 AM,05/ago/26 9:02 PM,05/ago/26 9:02 PM,,,0,CLS_ReporteService,CP_TC27,CU_20,DOC_RFC01,MOD_reportes,STK_AdminGeneral,,,,,,,,,,,,,CARNICORE-16,,,,0|i0007r:,,No verificado,,RF-27 - RFC-01 aprobado CCB - 04/08/2026,Must Have,CARNICOR Sprint 1,,,,,Por hacer,05/ago/26 12:32 AM,10014,CARNICORE-4,"	EPIC-04: Ventas, Devoluciones y Reportes Gerenciales"
RNF-03: Autenticación MFA roles privilegiados (RFC-02),CARNICORE-26,10036,Historia,Por hacer,CARNICORE,CarniCore,software,Edhu Xavier Gamarra Araujo,712020:457e8c06-53a2-4d88-bf67-4796f6d22ded,,Medium,,,,Edhu Xavier Gamarra Araujo,712020:457e8c06-53a2-4d88-bf67-4796f6d22ded,Edhu Xavier Gamarra Araujo,712020:457e8c06-53a2-4d88-bf67-4796f6d22ded,05/ago/26 12:32 AM,05/ago/26 9:02 PM,05/ago/26 9:02 PM,,,0,CLS_AuthController,CP_TC30,CU_21,DOC_RFC02,MOD_mfa,STK_AdminGeneral,,,,,,,,,,,,,CARNICORE-17,,,,0|i0007z:,,No verificado,,RNF-03 - RFC-02 aprobado CCB - 04/08/2026,Must Have,CARNICOR Sprint 1,,,,,Por hacer,05/ago/26 12:32 AM,10015,CARNICORE-5,EPIC-05: Contingencia Offline y Seguridad
RF-02/RF-23: Firma veterinaria en exportación (RFC-03),CARNICORE-27,10037,Historia,Por hacer,CARNICORE,CarniCore,software,Edhu Xavier Gamarra Araujo,712020:457e8c06-53a2-4d88-bf67-4796f6d22ded,,Medium,,,,Edhu Xavier Gamarra Araujo,712020:457e8c06-53a2-4d88-bf67-4796f6d22ded,Edhu Xavier Gamarra Araujo,712020:457e8c06-53a2-4d88-bf67-4796f6d22ded,05/ago/26 12:32 AM,05/ago/26 9:03 PM,05/ago/26 9:03 PM,,,0,CLS_ExportService,CP_TC31,CU_22,DOC_RFC03,MOD_firma,STK_Agrocalidad,,,,,,,,,,,,,,,CARNICORE-23,,0|i00087:,,No verificado,,RF-23 - RFC-03 aprobado CCB - 04/08/2026,Must Have,CARNICOR Sprint 1,,,,,Por hacer,05/ago/26 12:32 AM,10013,CARNICORE-3,EPIC-03: Trazabilidad y Cumplimiento Regulatorio (Agrocalidad / LOPDP)
RNF-02: Disponibilidad 98% y RTO 30 min,CARNICORE-28,10038,Historia,Por hacer,CARNICORE,CarniCore,software,Edhu Xavier Gamarra Araujo,712020:457e8c06-53a2-4d88-bf67-4796f6d22ded,,Medium,,,,Edhu Xavier Gamarra Araujo,712020:457e8c06-53a2-4d88-bf67-4796f6d22ded,Edhu Xavier Gamarra Araujo,712020:457e8c06-53a2-4d88-bf67-4796f6d22ded,05/ago/26 12:32 AM,05/ago/26 9:03 PM,05/ago/26 9:03 PM,,,0,CLS_ConfigDisponibilidad,CP_TC32,DOC_ERS,MOD_disponibilidad,NFR_transversal,STK_AdminGeneral,,,,,,,,,,,,,CARNICORE-21,,,,0|i0008f:,,No verificado,,RNF-02 - ERS Sección 3.3 - Defecto D-04,Must Have,CARNICOR Sprint 1,,,,,Por hacer,05/ago/26 12:32 AM,10015,CARNICORE-5,EPIC-05: Contingencia Offline y Seguridad
RNF-12: Cifrado AES-256 y KMS rotación 90 días,CARNICORE-29,10039,Historia,Por hacer,CARNICORE,CarniCore,software,Edhu Xavier Gamarra Araujo,712020:457e8c06-53a2-4d88-bf67-4796f6d22ded,,Medium,,,,Edhu Xavier Gamarra Araujo,712020:457e8c06-53a2-4d88-bf67-4796f6d22ded,Edhu Xavier Gamarra Araujo,712020:457e8c06-53a2-4d88-bf67-4796f6d22ded,05/ago/26 12:32 AM,05/ago/26 9:04 PM,05/ago/26 9:04 PM,,,0,CLS_KMSService,CP_TC33,DOC_ERS,MOD_cifrado,NFR_transversal,STK_AdminGeneral,,,,,,,,,,,,,,,,,0|i0008n:,,No verificado,,RNF-12 - ERS Sección 3.3 - Defecto D-12,Must Have,CARNICOR Sprint 1,,,,,Por hacer,05/ago/26 12:32 AM,10015,CARNICORE-5,EPIC-05: Contingencia Offline y Seguridad
CA-1: Validar que el RUC tenga 13 dígitos válidos,CARNICORE-30,10040,Subtarea,Por hacer,CARNICORE,CarniCore,software,Edhu Xavier Gamarra Araujo,712020:457e8c06-53a2-4d88-bf67-4796f6d22ded,,Medium,,,,Edhu Xavier Gamarra Araujo,712020:457e8c06-53a2-4d88-bf67-4796f6d22ded,Edhu Xavier Gamarra Araujo,712020:457e8c06-53a2-4d88-bf67-4796f6d22ded,05/ago/26 1:18 AM,05/ago/26 1:18 AM,,,,0,,,,,,,,,Edhu Xavier Gamarra Araujo,712020:457e8c06-53a2-4d88-bf67-4796f6d22ded,,,,,,,,,,,,,0|i0008v:,,,,,,CARNICOR Sprint 1,,,,,Por hacer,05/ago/26 1:18 AM,10016,CARNICORE-6,RF-01: Registrar proveedor
CA-2: Verificar que el proveedor no esté duplicado,CARNICORE-31,10041,Subtarea,Por hacer,CARNICORE,CarniCore,software,Edhu Xavier Gamarra Araujo,712020:457e8c06-53a2-4d88-bf67-4796f6d22ded,,Medium,,,,Edhu Xavier Gamarra Araujo,712020:457e8c06-53a2-4d88-bf67-4796f6d22ded,Edhu Xavier Gamarra Araujo,712020:457e8c06-53a2-4d88-bf67-4796f6d22ded,05/ago/26 1:18 AM,05/ago/26 1:18 AM,,,,0,,,,,,,,,Edhu Xavier Gamarra Araujo,712020:457e8c06-53a2-4d88-bf67-4796f6d22ded,,,,,,,,,,,,,0|i00093:,,,,,,CARNICOR Sprint 1,,,,,Por hacer,05/ago/26 1:18 AM,10016,CARNICORE-6,RF-01: Registrar proveedor
CA-1: Verificar alerta cuando quedan menos de 2 días de vida útil,CARNICORE-32,10042,Subtarea,Por hacer,CARNICORE,CarniCore,software,Edhu Xavier Gamarra Araujo,712020:457e8c06-53a2-4d88-bf67-4796f6d22ded,,Medium,,,,Edhu Xavier Gamarra Araujo,712020:457e8c06-53a2-4d88-bf67-4796f6d22ded,Edhu Xavier Gamarra Araujo,712020:457e8c06-53a2-4d88-bf67-4796f6d22ded,05/ago/26 1:19 AM,05/ago/26 1:19 AM,,,,0,,,,,,,,,Edhu Xavier Gamarra Araujo,712020:457e8c06-53a2-4d88-bf67-4796f6d22ded,,,,,,,,,,,,,0|i0009b:,,,,,,CARNICOR Sprint 1,,,,,Por hacer,05/ago/26 1:19 AM,10022,CARNICORE-12,RF-08: Alertar vida útil por tipo de producto
"CA-2: Verificar límites por tipo: pollo 3d, res 7d, cerdo 5d, embutidos 15d",CARNICORE-33,10043,Subtarea,Por hacer,CARNICORE,CarniCore,software,Edhu Xavier Gamarra Araujo,712020:457e8c06-53a2-4d88-bf67-4796f6d22ded,,Medium,,,,Edhu Xavier Gamarra Araujo,712020:457e8c06-53a2-4d88-bf67-4796f6d22ded,Edhu Xavier Gamarra Araujo,712020:457e8c06-53a2-4d88-bf67-4796f6d22ded,05/ago/26 1:19 AM,05/ago/26 1:19 AM,,,,0,,,,,,,,,Edhu Xavier Gamarra Araujo,712020:457e8c06-53a2-4d88-bf67-4796f6d22ded,,,,,,,,,,,,,0|i0009j:,,,,,,CARNICOR Sprint 1,,,,,Por hacer,05/ago/26 1:19 AM,10022,CARNICORE-12,RF-08: Alertar vida útil por tipo de producto
CA-1: Mostrar cadena completa desde proveedor hasta venta,CARNICORE-34,10044,Subtarea,Por hacer,CARNICORE,CarniCore,software,Edhu Xavier Gamarra Araujo,712020:457e8c06-53a2-4d88-bf67-4796f6d22ded,,Medium,,,,Edhu Xavier Gamarra Araujo,712020:457e8c06-53a2-4d88-bf67-4796f6d22ded,Edhu Xavier Gamarra Araujo,712020:457e8c06-53a2-4d88-bf67-4796f6d22ded,05/ago/26 1:19 AM,05/ago/26 1:19 AM,,,,0,,,,,,,,,Edhu Xavier Gamarra Araujo,712020:457e8c06-53a2-4d88-bf67-4796f6d22ded,,,,,,,,,,,,,0|i0009r:,,,,,,CARNICOR Sprint 1,,,,,Por hacer,05/ago/26 1:19 AM,10025,CARNICORE-15,RF-11: Consultar trazabilidad completa
"CA-2: Mostrar etiqueta ""En proceso"" si cadena está incompleta",CARNICORE-35,10045,Subtarea,Por hacer,CARNICORE,CarniCore,software,Edhu Xavier Gamarra Araujo,712020:457e8c06-53a2-4d88-bf67-4796f6d22ded,,Medium,,,,Edhu Xavier Gamarra Araujo,712020:457e8c06-53a2-4d88-bf67-4796f6d22ded,Edhu Xavier Gamarra Araujo,712020:457e8c06-53a2-4d88-bf67-4796f6d22ded,05/ago/26 1:20 AM,05/ago/26 1:20 AM,,,,0,,,,,,,,,Edhu Xavier Gamarra Araujo,712020:457e8c06-53a2-4d88-bf67-4796f6d22ded,,,,,,,,,,,,,0|i0009z:,,,,,,CARNICOR Sprint 1,,,,,Por hacer,05/ago/26 1:20 AM,10025,CARNICORE-15,RF-11: Consultar trazabilidad completa
CA-1: Registrar operaciones sin conexión localmente,CARNICORE-36,10046,Subtarea,Por hacer,CARNICORE,CarniCore,software,Edhu Xavier Gamarra Araujo,712020:457e8c06-53a2-4d88-bf67-4796f6d22ded,,Medium,,,,Edhu Xavier Gamarra Araujo,712020:457e8c06-53a2-4d88-bf67-4796f6d22ded,Edhu Xavier Gamarra Araujo,712020:457e8c06-53a2-4d88-bf67-4796f6d22ded,05/ago/26 1:20 AM,05/ago/26 1:20 AM,,,,0,,,,,,,,,Edhu Xavier Gamarra Araujo,712020:457e8c06-53a2-4d88-bf67-4796f6d22ded,,,,,,,,,,,,,0|i000a7:,,,,,,CARNICOR Sprint 1,,,,,Por hacer,05/ago/26 1:20 AM,10031,CARNICORE-21,RF-21: Operar en modo offline
CA-2: Sincronizar en máximo 5 minutos al reconectar,CARNICORE-37,10047,Subtarea,Por hacer,CARNICORE,CarniCore,software,Edhu Xavier Gamarra Araujo,712020:457e8c06-53a2-4d88-bf67-4796f6d22ded,,Medium,,,,Edhu Xavier Gamarra Araujo,712020:457e8c06-53a2-4d88-bf67-4796f6d22ded,Edhu Xavier Gamarra Araujo,712020:457e8c06-53a2-4d88-bf67-4796f6d22ded,05/ago/26 1:20 AM,05/ago/26 1:20 AM,,,,0,,,,,,,,,Edhu Xavier Gamarra Araujo,712020:457e8c06-53a2-4d88-bf67-4796f6d22ded,,,,,,,,,,,,,0|i000af:,,,,,,CARNICOR Sprint 1,,,,,Por hacer,05/ago/26 1:20 AM,10031,CARNICORE-21,RF-21: Operar en modo offline
CA-1: Verificar que la venta descuenta el stock correctamente,CARNICORE-38,10048,Subtarea,Por hacer,CARNICORE,CarniCore,software,Edhu Xavier Gamarra Araujo,712020:457e8c06-53a2-4d88-bf67-4796f6d22ded,,Medium,,,,Edhu Xavier Gamarra Araujo,712020:457e8c06-53a2-4d88-bf67-4796f6d22ded,Edhu Xavier Gamarra Araujo,712020:457e8c06-53a2-4d88-bf67-4796f6d22ded,05/ago/26 1:22 AM,05/ago/26 1:22 AM,,,,0,,,,,,,,,Edhu Xavier Gamarra Araujo,712020:457e8c06-53a2-4d88-bf67-4796f6d22ded,,,,,,,,,,,,,0|i000an:,,,,,,CARNICOR Sprint 1,,,,,Por hacer,05/ago/26 1:22 AM,10024,CARNICORE-14,RF-10: Registrar venta
CA-2: Verificar que se referencia el número de factura SRI en cada venta,CARNICORE-39,10049,Subtarea,Por hacer,CARNICORE,CarniCore,software,Edhu Xavier Gamarra Araujo,712020:457e8c06-53a2-4d88-bf67-4796f6d22ded,,Medium,,,,Edhu Xavier Gamarra Araujo,712020:457e8c06-53a2-4d88-bf67-4796f6d22ded,Edhu Xavier Gamarra Araujo,712020:457e8c06-53a2-4d88-bf67-4796f6d22ded,05/ago/26 1:23 AM,05/ago/26 1:23 AM,,,,0,,,,,,,,,Edhu Xavier Gamarra Araujo,712020:457e8c06-53a2-4d88-bf67-4796f6d22ded,,,,,,,,,,,,,0|i000av:,,,,,,CARNICOR Sprint 1,,,,,Por hacer,05/ago/26 1:23 AM,10024,CARNICORE-14,RF-10: Registrar venta
